name,start,end,type,fmt
BASMID,1,12,d,N12.
BASEID,13,20,d,N8.
MAINRSLT,21,22,c,C2
PATH,23,24,c,C2
ENGLSPAN,25,26,d,N2.
AGE2006,27,28,d,N2.
SEX,29,30,d,N2.
RESPAGE,31,32,d,N2.
RESPSEX,33,34,d,N2.
RESRELN,35,36,d,N2.
MOMAGE1,37,38,d,N2.
MOMTYPE1,39,40,d,N2.
MOMAGE2,41,42,d,N2.
MOMTYPE2,43,44,d,N2.
DADAGE1,45,46,d,N2.
DADTYPE1,47,48,d,N2.
DADAGE2,49,50,d,N2.
DADTYPE2,51,52,d,N2.
AGE1,53,54,d,N2.
SEX1,55,56,d,N2.
RELATN1,57,58,d,N2.
AGE2,59,60,d,N2.
SEX2,61,62,d,N2.
RELATN2,63,64,d,N2.
AGE3,65,66,d,N2.
SEX3,67,68,d,N2.
RELATN3,69,70,d,N2.
AGE4,71,72,d,N2.
SEX4,73,74,d,N2.
RELATN4,75,76,d,N2.
AGE5,77,78,d,N2.
SEX5,79,80,d,N2.
RELATN5,81,82,d,N2.
AGE6,83,84,d,N2.
SEX6,85,86,d,N2.
RELATN6,87,88,d,N2.
AGE7,89,90,d,N2.
SEX7,91,92,d,N2.
RELATN7,93,94,d,N2.
CDOBMM,95,96,d,N2.
CDOBYY,97,100,d,N4.
CSPEAK,101,102,d,N2.
RESPEAK,103,104,d,N2.
ENROLL,105,106,d,N2.
HOMESCHL,107,108,d,N2.
HOMEALL,109,110,d,N2.
HOMSCHR,111,112,d,N2.
HOMSCFLG,113,114,d,N2.
GRADE,115,116,c,C2
GRADEEQ,117,118,c,C2
HSWHO,119,120,d,N2.
HSTUTOR,121,122,d,N2.
HSDAYS,123,124,d,N2.
HSHOURS,125,126,d,N2.
HSASSN,127,128,d,N2.
HSFREQ,129,131,d,N3.
HSKACTIV,132,133,d,N2.
HSCLIBR,134,135,d,N2.
HSCHSPUB,136,137,d,N2.
HSCEDPUB,138,139,d,N2.
HSCORG,140,141,d,N2.
HSCCHUR,142,143,d,N2.
HSCPUBL,144,145,d,N2.
HSCPRIV,146,147,d,N2.
HSCREL,148,149,d,N2.
HSCNET,150,151,d,N2.
HSOLIBR,152,153,d,N2.
HSOCHUR,154,155,d,N2.
HSOPUBL,156,157,d,N2.
HSOPRIV,158,159,d,N2.
HSOOTH,160,161,d,N2.
HSINTNET,162,163,d,N2.
HSINTPUB,164,165,d,N2.
HOMALLGRD,166,167,d,N2.
HOMET,168,169,d,N2.
HOMEK,170,171,d,N2.
HOMEP,172,173,d,N2.
HOME1,174,175,d,N2.
HOME2,176,177,d,N2.
HOME3,178,179,d,N2.
HOME4,180,181,d,N2.
HOME5,182,183,d,N2.
HOME6,184,185,d,N2.
HOME7,186,187,d,N2.
HOME8,188,189,d,N2.
HOME9,190,191,d,N2.
HOME10,192,193,d,N2.
HOME11,194,195,d,N2.
HOME12,196,197,d,N2.
HSSAFETY,198,199,d,N2.
HSDISSAT,200,201,d,N2.
HSRELIGN,202,203,d,N2.
HSDISABL,204,205,d,N2.
HSILL,206,207,d,N2.
HSSPCLND,208,209,d,N2.
HSALT,210,211,d,N2.
HSOTHER,212,213,d,N2.
HSMOST,214,215,d,N2.
KPENROLL,216,217,d,N2.
KPAGEYR,218,219,d,N2.
KPAGEMO,220,221,d,N2.
KPFULDAY,222,223,d,N2.
SPUBLIC,224,225,d,N2.
SCHOICE,226,227,d,N2.
SDISRCT,228,229,d,N2.
SPUBCHOI,230,231,d,N2.
SCONSIDR,232,233,d,N2.
SPERFORM,234,235,d,N2.
STLKPAR,236,237,d,N2.
SREASON,238,239,d,N2.
S1STCHOI,240,241,d,N2.
SNEIGHBR,242,243,d,N2.
SSAMSC,244,245,d,N2.
SMVMTH,246,247,d,N2.
SEENJOY,248,249,d,N2.
SEGRADES,250,251,d,N2.
SEGRADEQ,252,253,d,N2.
SEBEHAV,254,256,d,N3.
SESCHWRK,257,259,d,N3.
SEDOWELL,260,262,d,N3.
SEADPLC,263,264,d,N2.
SEESL,265,266,d,N2.
SEREPEAT,267,268,d,N2.
SEREPTK,269,270,d,N2.
SEREPT1,271,272,d,N2.
SEREPT2,273,274,d,N2.
SEREPT3,275,276,d,N2.
SEREPT4,277,278,d,N2.
SEREPT5,279,280,d,N2.
SEREPT6,281,282,d,N2.
SEREPT7,283,284,d,N2.
SEREPT8,285,286,d,N2.
SEREPT9,287,288,d,N2.
SEREPT10,289,290,d,N2.
SEREPT11,291,292,d,N2.
SEREPT12,293,294,d,N2.
SESUSOUT,295,296,d,N2.
SESUSPIN,297,298,d,N2.
SEEXPEL,299,300,d,N2.
SERECNEW,301,302,d,N2.
SEFUTURE,303,304,d,N2.
SEFAMPAY,305,306,d,N2.
SECOLACT,307,308,d,N2.
SESCHOL,309,310,d,N2.
FSMTNG,311,312,d,N2.
FSPTMTNG,313,314,d,N2.
FSATCNFN,315,316,d,N2.
FSSPORT,317,318,d,N2.
FSVOL,319,320,d,N2.
FSFUNDRS,321,322,d,N2.
FSCOMMTE,323,324,d,N2.
FSCOUNSLR,325,326,d,N2.
FSFREQ,327,328,d,N2.
FSNOTES,329,330,d,N2.
FSMEMOS,331,332,d,N2.
FSPHONE,333,334,d,N2.
FSSPPERF,335,336,d,N2.
FSSPHW,337,338,d,N2.
FSSPCOUR,339,340,d,N2.
FSSPCOLL,341,342,d,N2.
FSSPROLE,343,344,d,N2.
FCSCHOOL,345,346,d,N2.
FCTEACHR,347,348,d,N2.
FCSTDS,349,350,d,N2.
FCORDER,351,352,d,N2.
FCSUPPRT,353,354,d,N2.
FPMTGWRK,355,356,d,N2.
FPTCHCAR,357,358,d,N2.
FPHLPCHD,359,360,d,N2.
FPPTRUST,361,362,d,N2.
FPSWELCM,363,364,d,N2.
FPPRVAL,365,366,d,N2.
FPPRATND,367,368,d,N2.
FPTALK,369,370,d,N2.
FSDIFENG,371,372,d,N2.
FSINTERP,373,374,d,N2.
FSTRANSL,375,376,d,N2.
FHHOME,377,378,d,N2.
FHWKHRS,379,380,d,N2.
FHAMOUNT,381,382,d,N2.
FHPLACE,383,384,d,N2.
FORHW,385,386,d,N2.
FHCHECK,387,388,d,N2.
FHHELP,389,390,d,N2.
FHSCHTUT,391,392,d,N2.
FHGETTUT,393,394,d,N2.
FHTUTSAT,395,396,d,N2.
FHOTHTUT,397,398,d,N2.
FHPDTSAT,399,400,d,N2.
FHTUCOST,401,407,d,N7.3
FHTUUNIT,408,409,d,N2.
HABOOKS,410,412,d,N3.
FOREADTO,413,414,d,N2.
MOTHERFG,415,416,d,N2.
FATHERMG,417,418,d,N2.
SISBRO,419,420,d,N2.
ANOTADLT,421,422,d,N2.
SOMEONEL,423,424,d,N2.
FORDDAY,425,426,d,N2.
FOPICTR,427,428,d,N2.
FOLETTR,429,430,d,N2.
FOCHREAD,431,432,d,N2.
FOTLKSTR,433,434,d,N2.
HASTORY,435,436,d,N2.
HAWORDS,437,438,d,N2.
HAPRETND,439,440,d,N2.
FOCHLRD,441,442,d,N2.
HALEAPPD,443,444,d,N2.
FOSTORY2,445,446,d,N2.
FOCRAFT2,447,448,d,N2.
FOSPORT2,449,450,d,N2.
FOBUILD1,451,452,d,N2.
FOHIST,453,454,d,N2.
FOGAMES2,455,456,d,N2.
FOBUILD2,457,458,d,N2.
FOSPORT3,459,460,d,N2.
FORESPON,461,462,d,N2.
FODINNER,463,464,d,N2.
FOLIBRAR,465,466,d,N2.
FOBOOKST,467,468,d,N2.
FOCONCRT,469,470,d,N2.
FOMUSEUM,471,472,d,N2.
FOZOO,473,474,d,N2.
FOGROUP,475,476,d,N2.
FOSPRTEV,477,478,d,N2.
FOETHNIC,479,480,d,N2.
TVHRWKDY,481,482,d,N2.
TVWKDYNU,483,484,d,N2.
TVHRWKND,485,486,d,N2.
TVWKNDNU,487,488,d,N2.
ABCCBSCW,489,490,d,N2.
ANIMPLAN,491,492,d,N2.
CARTOONS,493,494,d,N2.
CHRSTNCH,495,496,d,N2.
DISCOVER,497,498,d,N2.
DISNEYCH,499,500,d,N2.
SPORTSCH,501,502,d,N2.
FAMILYCH,503,504,d,N2.
MTVVH1,505,506,d,N2.
NICKELOD,507,508,d,N2.
NEWSNET,509,510,d,N2.
NOGGIN,511,512,d,N2.
PBSSPRT,513,514,d,N2.
SPNLNGCH,515,516,d,N2.
LEARNCH,517,518,d,N2.
TVLAND,519,520,d,N2.
HISTCHAN,521,522,d,N2.
FOODNET,523,524,d,N2.
TVOTHER,525,526,d,N2.
VIDNOTV,527,528,d,N2.
TVCHMOST,529,530,d,N2.
FORTVPRG,531,532,d,N2.
FOSCHACT,533,534,d,N2.
FOMUSLES,535,536,d,N2.
FORELCLS,537,538,d,N2.
FOORGSPR,539,540,d,N2.
FOSCOUTS,541,542,d,N2.
FOCOLEXM,543,544,d,N2.
FOARTS,545,546,d,N2.
PARREAD,547,548,d,N2.
CSPARCMT,549,550,d,N2.
HDBRTHW5,551,552,d,N2.
HDBRTHW3,553,554,d,N2.
HDPRMTR4,555,556,d,N2.
HDHOSP,557,559,d,N3.
HDIFSP,560,561,d,N2.
HDHEALTH,562,563,d,N2.
HDCHINS,564,565,d,N2.
HDWEIGHT,566,567,d,N2.
HDWEIGHT2,568,569,d,N2.
HDLEARN,570,571,d,N2.
HDMENRET,572,573,d,N2.
HDSPEECH,574,575,d,N2.
HDDISTRB,576,577,d,N2.
HDDEAFIM,578,579,d,N2.
HDBLIND,580,581,d,N2.
HDORTHO,582,583,d,N2.
HDAUTISM,584,585,d,N2.
HDADD,586,587,d,N2.
HDPDD,588,589,d,N2.
HDOTHER,590,591,d,N2.
HDSCHL,592,593,d,N2.
HDGOVT,594,595,d,N2.
HDDOCTOR,596,597,d,N2.
HDSOURCE,598,599,d,N2.
HDIEP,600,601,d,N2.
HDDEVIEP,602,603,d,N2.
HDSPCLED,604,605,d,N2.
HDCOMMU,606,607,d,N2.
HDTCHR,608,609,d,N2.
HDACCOM,610,611,d,N2.
HDCOMMIT,612,613,d,N2.
HDAFFECT,614,615,d,N2.
CBORNUS,616,617,d,N2.
CMOVEAGE,618,619,d,N2.
CHISPAN,620,621,d,N2.
CWHITE,622,623,d,N2.
CBLACK,624,625,d,N2.
CAMIND,626,627,d,N2.
CASIAN,628,629,d,N2.
CPACI,630,631,d,N2.
CRACEOTH,632,633,d,N2.
MOMNEW1,634,635,d,N2.
MOMSTAT1,636,637,d,N2.
MOMLIVW1,638,639,d,N2.
MOMLANG1,640,641,d,N2.
MOMSPEAK1,642,643,d,N2.
MOMBORN1,644,645,d,N2.
MHISPAN1,646,647,d,N2.
MWHITE1,648,649,d,N2.
MBLACK1,650,651,d,N2.
MAMIND1,652,653,d,N2.
MASIAN1,654,655,d,N2.
MPACI1,656,657,d,N2.
MRACEOTH1,658,659,d,N2.
MOMGRADE1,660,661,d,N2.
MOMGRAD11,662,663,d,N2.
MOMGRAD21,664,665,d,N2.
MOMVOTEC1,666,667,d,N2.
MOMDIPL1,668,669,d,N2.
MOMWORK1,670,671,d,N2.
MOMLEAVE1,672,673,d,N2.
MOMHOURS1,674,675,d,N2.
MOMMTHS1,676,677,d,N2.
MOMLOOK1,678,679,d,N2.
MOMAGN1,680,681,d,N2.
MOMEMPL1,682,683,d,N2.
MOMREL1,684,685,d,N2.
MOMANSAD1,686,687,d,N2.
MOMENROL1,688,689,d,N2.
MOMNEW2,690,691,d,N2.
MOMSTAT2,692,693,d,N2.
MOMLIVW2,694,695,d,N2.
MOMLANG2,696,697,d,N2.
MOMSPEAK2,698,699,d,N2.
MOMBORN2,700,701,d,N2.
MHISPAN2,702,703,d,N2.
MWHITE2,704,705,d,N2.
MBLACK2,706,707,d,N2.
MAMIND2,708,709,d,N2.
MASIAN2,710,711,d,N2.
MPACI2,712,713,d,N2.
MRACEOTH2,714,715,d,N2.
MOMGRADE2,716,717,d,N2.
MOMGRAD12,718,719,d,N2.
MOMGRAD22,720,721,d,N2.
MOMVOTEC2,722,723,d,N2.
MOMDIPL2,724,725,d,N2.
MOMWORK2,726,727,d,N2.
MOMLEAVE2,728,729,d,N2.
MOMHOURS2,730,731,d,N2.
MOMMTHS2,732,733,d,N2.
MOMLOOK2,734,735,d,N2.
MOMAGN2,736,737,d,N2.
MOMEMPL2,738,739,d,N2.
MOMREL2,740,741,d,N2.
MOMANSAD2,742,743,d,N2.
MOMENROL2,744,745,d,N2.
DADSTAT1,746,747,d,N2.
DADLIVW1,748,749,d,N2.
DADLANG1,750,751,d,N2.
DADSPEAK1,752,753,d,N2.
DADBORN1,754,755,d,N2.
DHISPAN1,756,757,d,N2.
DWHITE1,758,759,d,N2.
DBLACK1,760,761,d,N2.
DAMIND1,762,763,d,N2.
DASIAN1,764,765,d,N2.
DPACI1,766,767,d,N2.
DRACEOTH1,768,769,d,N2.
DADGRADE1,770,771,d,N2.
DADGRAD11,772,773,d,N2.
DADGRAD21,774,775,d,N2.
DADVOTEC1,776,777,d,N2.
DADDIPL1,778,779,d,N2.
DADWORK1,780,781,d,N2.
DADLEAVE1,782,783,d,N2.
DADHOURS1,784,785,d,N2.
DADMTHS1,786,787,d,N2.
DADLOOK1,788,789,d,N2.
DADAGN1,790,791,d,N2.
DADEMPL1,792,793,d,N2.
DADREL1,794,795,d,N2.
DADANSAD1,796,797,d,N2.
DADENROL1,798,799,d,N2.
DADSTAT2,800,801,d,N2.
DADLIVW2,802,803,d,N2.
DADLANG2,804,805,d,N2.
DADSPEAK2,806,807,d,N2.
DADBORN2,808,809,d,N2.
DHISPAN2,810,811,d,N2.
DWHITE2,812,813,d,N2.
DBLACK2,814,815,d,N2.
DAMIND2,816,817,d,N2.
DASIAN2,818,819,d,N2.
DPACI2,820,821,d,N2.
DRACEOTH2,822,823,d,N2.
DADGRADE2,824,825,d,N2.
DADGRAD12,826,827,d,N2.
DADGRAD22,828,829,d,N2.
DADVOTEC2,830,831,d,N2.
DADDIPL2,832,833,d,N2.
DADWORK2,834,835,d,N2.
DADLEAVE2,836,837,d,N2.
DADHOURS2,838,839,d,N2.
DADMTHS2,840,841,d,N2.
DADLOOK2,842,843,d,N2.
DADAGN2,844,845,d,N2.
DADEMPL2,846,847,d,N2.
DADREL2,848,849,d,N2.
DADANSAD2,850,851,d,N2.
DADENROL2,852,853,d,N2.
FOINTHM,854,855,d,N2.
HWELFTAN,856,857,d,N2.
HWELFST,858,859,d,N2.
HWIC,860,861,d,N2.
HFOODST,862,863,d,N2.
HMEDICAD,864,865,d,N2.
HCHIP,866,867,d,N2.
HSECN8,868,869,d,N2.
H3YRMOVE,870,871,d,N2.
HINCMRNG,872,873,d,N2.
HINCM50K,874,875,d,N2.
HINCOME,876,877,d,N2.
ALLGRADE,878,879,c,C2
CENREG,880,881,d,N2.
DADEDUC1,882,883,d,N2.
DADEMPLD1,884,885,d,N2.
DADEDUC2,886,887,d,N2.
DADEMPLD2,888,889,d,N2.
DISABLTY,890,891,d,N2.
DISBLTY2,892,893,d,N2.
FAMILY,894,895,d,N2.
FAMILY07,896,897,d,N2.
HH18OVER,898,899,d,N2.
HHDAD1,900,901,d,N2.
HHDAD2,902,903,d,N2.
HHMOM1,904,905,d,N2.
HHMOM2,906,907,d,N2.
HHPARN1,908,909,d,N2.
HHPARN07,910,911,d,N2.
HHTOTAL,912,913,d,N2.
HHUNDR6,914,915,d,N2.
HHUNDR10,916,917,d,N2.
HHUNDR13,918,919,d,N2.
HHUNDR18,920,921,d,N2.
HHUNDR21,922,923,d,N2.
LANGUAGE07,924,925,d,N2.
MOMEDUC1,926,927,d,N2.
MOMEMPLD1,928,929,d,N2.
MOMFTFY1,930,931,d,N2.
MOMEDUC2,932,933,d,N2.
MOMEMPLD2,934,935,d,N2.
MOMFTFY2,936,937,d,N2.
NUMSIBS,938,939,d,N2.
PARGRADE07,940,941,d,N2.
RACEETHN,942,943,d,N2.
RACEETH2,944,945,d,N2.
S07CHART,946,947,d,N2.
S07NUMST,948,949,d,N2.
S07PBPV,950,951,d,N2.
S07SAMSX,952,953,d,N2.
S07TITL1,954,955,d,N2.
S07TYPE,956,957,d,N2.
SCHLGRAD,958,959,d,N2.
TVHOURS,960,962,d,N3.
ZIP18PO2,963,964,d,N2.
ZIPBLHI2,965,966,d,N2.
ZIPLOCL,967,968,d,N2.
FPWT,969,977,d,N9.3
FPWT1,978,986,d,N9.3
FPWT2,987,995,d,N9.3
FPWT3,996,1004,d,N9.3
FPWT4,1005,1013,d,N9.3
FPWT5,1014,1022,d,N9.3
FPWT6,1023,1031,d,N9.3
FPWT7,1032,1040,d,N9.3
FPWT8,1041,1049,d,N9.3
FPWT9,1050,1058,d,N9.3
FPWT10,1059,1067,d,N9.3
FPWT11,1068,1076,d,N9.3
FPWT12,1077,1085,d,N9.3
FPWT13,1086,1094,d,N9.3
FPWT14,1095,1103,d,N9.3
FPWT15,1104,1112,d,N9.3
FPWT16,1113,1121,d,N9.3
FPWT17,1122,1130,d,N9.3
FPWT18,1131,1139,d,N9.3
FPWT19,1140,1148,d,N9.3
FPWT20,1149,1157,d,N9.3
FPWT21,1158,1166,d,N9.3
FPWT22,1167,1175,d,N9.3
FPWT23,1176,1184,d,N9.3
FPWT24,1185,1193,d,N9.3
FPWT25,1194,1202,d,N9.3
FPWT26,1203,1211,d,N9.3
FPWT27,1212,1220,d,N9.3
FPWT28,1221,1229,d,N9.3
FPWT29,1230,1238,d,N9.3
FPWT30,1239,1247,d,N9.3
FPWT31,1248,1256,d,N9.3
FPWT32,1257,1265,d,N9.3
FPWT33,1266,1274,d,N9.3
FPWT34,1275,1283,d,N9.3
FPWT35,1284,1292,d,N9.3
FPWT36,1293,1301,d,N9.3
FPWT37,1302,1310,d,N9.3
FPWT38,1311,1319,d,N9.3
FPWT39,1320,1328,d,N9.3
FPWT40,1329,1337,d,N9.3
FPWT41,1338,1346,d,N9.3
FPWT42,1347,1355,d,N9.3
FPWT43,1356,1364,d,N9.3
FPWT44,1365,1373,d,N9.3
FPWT45,1374,1382,d,N9.3
FPWT46,1383,1391,d,N9.3
FPWT47,1392,1400,d,N9.3
FPWT48,1401,1409,d,N9.3
FPWT49,1410,1418,d,N9.3
FPWT50,1419,1427,d,N9.3
FPWT51,1428,1436,d,N9.3
FPWT52,1437,1445,d,N9.3
FPWT53,1446,1454,d,N9.3
FPWT54,1455,1463,d,N9.3
FPWT55,1464,1472,d,N9.3
FPWT56,1473,1481,d,N9.3
FPWT57,1482,1490,d,N9.3
FPWT58,1491,1499,d,N9.3
FPWT59,1500,1508,d,N9.3
FPWT60,1509,1517,d,N9.3
FPWT61,1518,1526,d,N9.3
FPWT62,1527,1535,d,N9.3
FPWT63,1536,1544,d,N9.3
FPWT64,1545,1553,d,N9.3
FPWT65,1554,1562,d,N9.3
FPWT66,1563,1571,d,N9.3
FPWT67,1572,1580,d,N9.3
FPWT68,1581,1589,d,N9.3
FPWT69,1590,1598,d,N9.3
FPWT70,1599,1607,d,N9.3
FPWT71,1608,1616,d,N9.3
FPWT72,1617,1625,d,N9.3
FPWT73,1626,1634,d,N9.3
FPWT74,1635,1643,d,N9.3
FPWT75,1644,1652,d,N9.3
FPWT76,1653,1661,d,N9.3
FPWT77,1662,1670,d,N9.3
FPWT78,1671,1679,d,N9.3
FPWT79,1680,1688,d,N9.3
FPWT80,1689,1697,d,N9.3
PPSU,1698,1701,d,N4.
PSTRATUM,1702,1703,d,N2.
AGF2006,1704,1705,d,N2.
SEF,1706,1707,d,N2.
RESPAGF,1708,1709,d,N2.
RESRELF,1710,1711,d,N2.
MOMAGF1,1712,1713,d,N2.
MOMTYPF1,1714,1715,d,N2.
MOMTYPF2,1716,1717,d,N2.
DADAGF1,1718,1719,d,N2.
DADTYPF1,1720,1721,d,N2.
AGF1,1722,1723,d,N2.
SEF1,1724,1725,d,N2.
RELATF1,1726,1727,d,N2.
AGF2,1728,1729,d,N2.
RELATF2,1730,1731,d,N2.
AGF3,1732,1733,d,N2.
RELATF3,1734,1735,d,N2.
RELATF4,1736,1737,d,N2.
AGF5,1738,1739,d,N2.
AGF6,1740,1741,d,N2.
CDOBMF,1742,1743,d,N2.
CDOBYF,1744,1745,d,N2.
CSPEAF,1746,1747,d,N2.
RESPEAF,1748,1749,d,N2.
HOMESCHF,1750,1751,d,N2.
HOMEALF,1752,1753,d,N2.
HOMSCHF,1754,1755,d,N2.
GRADF,1756,1757,d,N2.
GRADEEF,1758,1759,d,N2.
HSWHF,1760,1761,d,N2.
HSTUTOF,1762,1763,d,N2.
HSDAYF,1764,1765,d,N2.
HSHOURF,1766,1767,d,N2.
HSASSF,1768,1769,d,N2.
HSFREF,1770,1771,d,N2.
HSKACTIF,1772,1773,d,N2.
HSCLIBF,1774,1775,d,N2.
HSCHSPUF,1776,1777,d,N2.
HSCEDPUF,1778,1779,d,N2.
HSCORF,1780,1781,d,N2.
HSCCHUF,1782,1783,d,N2.
HSCPUBF,1784,1785,d,N2.
HSCPRIF,1786,1787,d,N2.
HSCREF,1788,1789,d,N2.
HSCNEF,1790,1791,d,N2.
HSOLIBF,1792,1793,d,N2.
HSOCHUF,1794,1795,d,N2.
HSOPUBF,1796,1797,d,N2.
HSOPRIF,1798,1799,d,N2.
HSOOTF,1800,1801,d,N2.
HSINTNEF,1802,1803,d,N2.
HOMALLGRF,1804,1805,d,N2.
HOMEKF,1806,1807,d,N2.
HOMF1,1808,1809,d,N2.
HOMF2,1810,1811,d,N2.
HOMF3,1812,1813,d,N2.
HOMF4,1814,1815,d,N2.
HOMF5,1816,1817,d,N2.
HOMF6,1818,1819,d,N2.
HOMF7,1820,1821,d,N2.
HOMF8,1822,1823,d,N2.
HOMF9,1824,1825,d,N2.
HOMF10,1826,1827,d,N2.
HOMF11,1828,1829,d,N2.
HOMF12,1830,1831,d,N2.
HSSAFETF,1832,1833,d,N2.
HSDISSAF,1834,1835,d,N2.
HSRELIGF,1836,1837,d,N2.
HSDISABF,1838,1839,d,N2.
HSILF,1840,1841,d,N2.
HSSPCLNF,1842,1843,d,N2.
HSALF,1844,1845,d,N2.
HSOTHEF,1846,1847,d,N2.
HSMOSF,1848,1849,d,N2.
KPENROLF,1850,1851,d,N2.
KPAGEYF,1852,1853,d,N2.
KPAGEMF,1854,1855,d,N2.
KPFULDAF,1856,1857,d,N2.
SPUBLIF,1858,1859,d,N2.
SCHOICF,1860,1861,d,N2.
SDISRCF,1862,1863,d,N2.
SPUBCHOF,1864,1865,d,N2.
SCONSIDF,1866,1867,d,N2.
SPERFORF,1868,1869,d,N2.
STLKPAF,1870,1871,d,N2.
SREASOF,1872,1873,d,N2.
S1STCHOF,1874,1875,d,N2.
SNEIGHBF,1876,1877,d,N2.
SSAMSF,1878,1879,d,N2.
SMVMTF,1880,1881,d,N2.
SEENJOF,1882,1883,d,N2.
SEGRADSF,1884,1885,d,N2.
SEGRADEF,1886,1887,d,N2.
SEBEHAF,1888,1889,d,N2.
SESCHWRF,1890,1891,d,N2.
SEDOWELF,1892,1893,d,N2.
SEADPLF,1894,1895,d,N2.
SEESF,1896,1897,d,N2.
SEREPEAF,1898,1899,d,N2.
SEREPTF,1900,1901,d,N2.
SEREPF1,1902,1903,d,N2.
SEREPF2,1904,1905,d,N2.
SEREPF3,1906,1907,d,N2.
SEREPF4,1908,1909,d,N2.
SEREPF5,1910,1911,d,N2.
SEREPF6,1912,1913,d,N2.
SEREPF7,1914,1915,d,N2.
SEREPF8,1916,1917,d,N2.
SEREPF9,1918,1919,d,N2.
SEREPF10,1920,1921,d,N2.
SEREPF11,1922,1923,d,N2.
SEREPF12,1924,1925,d,N2.
SESUSOUF,1926,1927,d,N2.
SESUSPIF,1928,1929,d,N2.
SEEXPEF,1930,1931,d,N2.
SERECNEF,1932,1933,d,N2.
SEFUTURF,1934,1935,d,N2.
SEFAMPAF,1936,1937,d,N2.
SECOLACF,1938,1939,d,N2.
SESCHOF,1940,1941,d,N2.
FSMTNF,1942,1943,d,N2.
FSPTMTNF,1944,1945,d,N2.
FSATCNFF,1946,1947,d,N2.
FSSPORF,1948,1949,d,N2.
FSVOF,1950,1951,d,N2.
FSFUNDRF,1952,1953,d,N2.
FSCOMMTF,1954,1955,d,N2.
FSCOUNSLF,1956,1957,d,N2.
FSFREF,1958,1959,d,N2.
FSNOTEF,1960,1961,d,N2.
FSMEMOF,1962,1963,d,N2.
FSPHONF,1964,1965,d,N2.
FSSPPEFF,1966,1967,d,N2.
FSSPHF,1968,1969,d,N2.
FSSPCOUF,1970,1971,d,N2.
FSSPCOLF,1972,1973,d,N2.
FSSPROLF,1974,1975,d,N2.
FCSCHOOF,1976,1977,d,N2.
FCTEACHF,1978,1979,d,N2.
FCSTDF,1980,1981,d,N2.
FCORDEF,1982,1983,d,N2.
FCSUPPRF,1984,1985,d,N2.
FPMTGWRF,1986,1987,d,N2.
FPTCHCAF,1988,1989,d,N2.
FPHLPCHF,1990,1991,d,N2.
FPPTRUSF,1992,1993,d,N2.
FPSWELCF,1994,1995,d,N2.
FPPRVAF,1996,1997,d,N2.
FPPRATNF,1998,1999,d,N2.
FPTALF,2000,2001,d,N2.
FSDIFENF,2002,2003,d,N2.
FSINTERF,2004,2005,d,N2.
FSTRANSF,2006,2007,d,N2.
FHHOMF,2008,2009,d,N2.
FHWKHRF,2010,2011,d,N2.
FHAMOUNF,2012,2013,d,N2.
FHPLACF,2014,2015,d,N2.
FORHF,2016,2017,d,N2.
FHCHECF,2018,2019,d,N2.
FHHELF,2020,2021,d,N2.
FHSCHTUF,2022,2023,d,N2.
FHGETTUF,2024,2025,d,N2.
FHTUTSAF,2026,2027,d,N2.
FHOTHTUF,2028,2029,d,N2.
FHPDTSAF,2030,2031,d,N2.
FHTUCOSF,2032,2033,d,N2.
FHTUUNIF,2034,2035,d,N2.
HABOOKF,2036,2037,d,N2.
FOREADTF,2038,2039,d,N2.
MOTHERFF,2040,2041,d,N2.
FATHERMF,2042,2043,d,N2.
SISBRF,2044,2045,d,N2.
ANOTADLF,2046,2047,d,N2.
SOMEONEF,2048,2049,d,N2.
FORDDAF,2050,2051,d,N2.
FOPICTF,2052,2053,d,N2.
FOLETTF,2054,2055,d,N2.
FOCHREAF,2056,2057,d,N2.
FOTLKSTF,2058,2059,d,N2.
HASTORF,2060,2061,d,N2.
HAWORDF,2062,2063,d,N2.
HAPRETNF,2064,2065,d,N2.
FOCHLRF,2066,2067,d,N2.
HALEAPPF,2068,2069,d,N2.
FOSTORF2,2070,2071,d,N2.
FOCRAFF2,2072,2073,d,N2.
FOSPORF2,2074,2075,d,N2.
FOBUILF1,2076,2077,d,N2.
FOHISF,2078,2079,d,N2.
FOGAMEF2,2080,2081,d,N2.
FOBUILF2,2082,2083,d,N2.
FOSPORF3,2084,2085,d,N2.
FORESPOF,2086,2087,d,N2.
FODINNEF,2088,2089,d,N2.
FOLIBRAF,2090,2091,d,N2.
FOBOOKSF,2092,2093,d,N2.
FOCONCRF,2094,2095,d,N2.
FOMUSEUF,2096,2097,d,N2.
FOZOF,2098,2099,d,N2.
FOGROUF,2100,2101,d,N2.
FOSPRTEF,2102,2103,d,N2.
FOETHNIF,2104,2105,d,N2.
TVHRWKDF,2106,2107,d,N2.
TVWKDYNF,2108,2109,d,N2.
TVHRWKNF,2110,2111,d,N2.
TVWKNDNF,2112,2113,d,N2.
ABCCBSCF,2114,2115,d,N2.
ANIMPLAF,2116,2117,d,N2.
CARTOONF,2118,2119,d,N2.
CHRSTNCF,2120,2121,d,N2.
DISCOVEF,2122,2123,d,N2.
DISNEYCF,2124,2125,d,N2.
SPORTSCF,2126,2127,d,N2.
FAMILYCF,2128,2129,d,N2.
MTVVF1,2130,2131,d,N2.
NICKELOF,2132,2133,d,N2.
NEWSNEF,2134,2135,d,N2.
NOGGIF,2136,2137,d,N2.
PBSSPRF,2138,2139,d,N2.
SPNLNGCF,2140,2141,d,N2.
LEARNCF,2142,2143,d,N2.
TVLANF,2144,2145,d,N2.
HISTCHAF,2146,2147,d,N2.
FOODNEF,2148,2149,d,N2.
TVOTHEF,2150,2151,d,N2.
VIDNOTF,2152,2153,d,N2.
TVCHMOSF,2154,2155,d,N2.
FORTVPRF,2156,2157,d,N2.
FOSCHACF,2158,2159,d,N2.
FOMUSLEF,2160,2161,d,N2.
FORELCLF,2162,2163,d,N2.
FOORGSPF,2164,2165,d,N2.
FOSCOUTF,2166,2167,d,N2.
FOCOLEXF,2168,2169,d,N2.
FOARTF,2170,2171,d,N2.
PARREAF,2172,2173,d,N2.
CSPARCMF,2174,2175,d,N2.
HDBRTHF5,2176,2177,d,N2.
HDBRTHF3,2178,2179,d,N2.
HDPRMTF4,2180,2181,d,N2.
HDHOSF,2182,2183,d,N2.
HDIFSF,2184,2185,d,N2.
HDHEALTF,2186,2187,d,N2.
HDCHINF,2188,2189,d,N2.
HDWEIGHF,2190,2191,d,N2.
HDWEIGHF2,2192,2193,d,N2.
HDLEARF,2194,2195,d,N2.
HDMENREF,2196,2197,d,N2.
HDSPEECF,2198,2199,d,N2.
HDDISTRF,2200,2201,d,N2.
HDDEAFIF,2202,2203,d,N2.
HDBLINF,2204,2205,d,N2.
HDORTHF,2206,2207,d,N2.
HDAUTISF,2208,2209,d,N2.
HDADF,2210,2211,d,N2.
HDPDF,2212,2213,d,N2.
HDOTHEF,2214,2215,d,N2.
HDSCHF,2216,2217,d,N2.
HDGOVF,2218,2219,d,N2.
HDDOCTOF,2220,2221,d,N2.
HDSOURCF,2222,2223,d,N2.
HDIEF,2224,2225,d,N2.
HDDEVIEF,2226,2227,d,N2.
HDSPCLEF,2228,2229,d,N2.
HDCOMMF,2230,2231,d,N2.
HDTCHF,2232,2233,d,N2.
HDACCOF,2234,2235,d,N2.
HDCOMMIF,2236,2237,d,N2.
HDAFFECF,2238,2239,d,N2.
CBORNUF,2240,2241,d,N2.
CMOVEAGF,2242,2243,d,N2.
CHISPAF,2244,2245,d,N2.
CWHITF,2246,2247,d,N2.
CBLACF,2248,2249,d,N2.
CAMINF,2250,2251,d,N2.
CASIAF,2252,2253,d,N2.
CPACF,2254,2255,d,N2.
CRACEOTF,2256,2257,d,N2.
MOMNEF1,2258,2259,d,N2.
MOMSTAF1,2260,2261,d,N2.
MOMLIVF1,2262,2263,d,N2.
MOMLANF1,2264,2265,d,N2.
MOMSPEAF1,2266,2267,d,N2.
MOMBORF1,2268,2269,d,N2.
MHISPAF1,2270,2271,d,N2.
MWHITF1,2272,2273,d,N2.
MBLACF1,2274,2275,d,N2.
MAMINF1,2276,2277,d,N2.
MASIAF1,2278,2279,d,N2.
MPACF1,2280,2281,d,N2.
MRACEOTF1,2282,2283,d,N2.
MOMGRADF1,2284,2285,d,N2.
MOMGRAF11,2286,2287,d,N2.
MOMGRAF21,2288,2289,d,N2.
MOMVOTEF1,2290,2291,d,N2.
MOMDIPF1,2292,2293,d,N2.
MOMWORF1,2294,2295,d,N2.
MOMLEAVF1,2296,2297,d,N2.
MOMHOURF1,2298,2299,d,N2.
MOMMTHF1,2300,2301,d,N2.
MOMLOOF1,2302,2303,d,N2.
MOMAGNF1,2304,2305,d,N2.
MOMEMPF1,2306,2307,d,N2.
MOMREF1,2308,2309,d,N2.
MOMANSAF1,2310,2311,d,N2.
MOMENROF1,2312,2313,d,N2.
MOMNEF2,2314,2315,d,N2.
MOMSTAF2,2316,2317,d,N2.
MOMLIVF2,2318,2319,d,N2.
MOMLANF2,2320,2321,d,N2.
MOMSPEAF2,2322,2323,d,N2.
MOMBORF2,2324,2325,d,N2.
MHISPAF2,2326,2327,d,N2.
MWHITF2,2328,2329,d,N2.
MBLACF2,2330,2331,d,N2.
MAMINF2,2332,2333,d,N2.
MASIAF2,2334,2335,d,N2.
MPACF2,2336,2337,d,N2.
MRACEOTF2,2338,2339,d,N2.
MOMGRADF2,2340,2341,d,N2.
MOMVOTEF2,2342,2343,d,N2.
MOMDIPF2,2344,2345,d,N2.
MOMWORF2,2346,2347,d,N2.
MOMLEAVF2,2348,2349,d,N2.
MOMMTHF2,2350,2351,d,N2.
MOMENROF2,2352,2353,d,N2.
DADSTAF1,2354,2355,d,N2.
DADLIVF1,2356,2357,d,N2.
DADLANF1,2358,2359,d,N2.
DADSPEAF1,2360,2361,d,N2.
DADBORF1,2362,2363,d,N2.
DHISPAF1,2364,2365,d,N2.
DWHITF1,2366,2367,d,N2.
DBLACF1,2368,2369,d,N2.
DAMINF1,2370,2371,d,N2.
DASIAF1,2372,2373,d,N2.
DPACF1,2374,2375,d,N2.
DRACEOTF1,2376,2377,d,N2.
DADGRADF1,2378,2379,d,N2.
DADGRAF11,2380,2381,d,N2.
DADGRAF21,2382,2383,d,N2.
DADVOTEF1,2384,2385,d,N2.
DADDIPF1,2386,2387,d,N2.
DADWORF1,2388,2389,d,N2.
DADLEAVF1,2390,2391,d,N2.
DADHOURF1,2392,2393,d,N2.
DADMTHF1,2394,2395,d,N2.
DADLOOF1,2396,2397,d,N2.
DADAGNF1,2398,2399,d,N2.
DADEMPF1,2400,2401,d,N2.
DADREF1,2402,2403,d,N2.
DADANSAF1,2404,2405,d,N2.
DADENROF1,2406,2407,d,N2.
FOINTHF,2408,2409,d,N2.
HWELFTAF,2410,2411,d,N2.
HWELFSF,2412,2413,d,N2.
HWIF,2414,2415,d,N2.
HFOODSF,2416,2417,d,N2.
HMEDICAF,2418,2419,d,N2.
HCHIF,2420,2421,d,N2.
HSECF8,2422,2423,d,N2.
H3YRMOVF,2424,2425,d,N2.
HINCMRNF,2426,2427,d,N2.
HINCM50F,2428,2429,d,N2.
HINCOMF,2430,2431,d,N2.
