dataset_id,target_variable,source_value,harmonised_value,mapping_status,notes
31,ethnicity,Youth: white only non-Hispanic,White,compatible,CK6ETHRACE code 1; youth self-description at Year 15
31,ethnicity,Youth: black or African American only non-Hispanic,Black,compatible,CK6ETHRACE code 2
31,ethnicity,Youth: Hispanic or Latino,Hispanic,compatible,CK6ETHRACE code 3
31,ethnicity,Youth: other only non-Hispanic,Other,compatible,"CK6ETHRACE code 4; FFCWS collapses American Indian/Alaska Native, Asian and Pacific Islander into this residual, so none of them can be recovered"
31,ethnicity,Youth: multi-racial non-Hispanic,Mixed,compatible,CK6ETHRACE code 5
31,ethnicity,Mother: white non-Hispanic,White,proximate,CM1ETHRACE code 1; mother's own report at baseline used where the child never self-described
31,ethnicity,Mother: black non-Hispanic,Black,proximate,CM1ETHRACE code 2
31,ethnicity,Mother: Hispanic,Hispanic,proximate,CM1ETHRACE code 3
31,ethnicity,Mother: other,Other,proximate,"CM1ETHRACE code 4; residual category, not separable into schema groups"
31,ethnicity,Unknown,Unknown,compatible,Neither the youth self-description nor the mother's baseline race is recorded
232,ethnicity,Hispanic,Hispanic,compatible,"SC_HISPANIC_R = 1, taken ahead of race as in the DRC race7 derivation"
232,ethnicity,"White alone, non-Hispanic",White,compatible,SC_RACE_R race-alone category among non-Hispanic children
232,ethnicity,"Black or African American alone, non-Hispanic",Black,compatible,SC_RACE_R race-alone category among non-Hispanic children
232,ethnicity,"American Indian or Alaska Native alone, non-Hispanic",Other,proximate,US Census race group with no schema equivalent; collapsed into Other and reported separately in indigenous
232,ethnicity,"Asian alone, non-Hispanic",Asian,compatible,SC_RACE_R race-alone category among non-Hispanic children
232,ethnicity,"Native Hawaiian or Other Pacific Islander alone, non-Hispanic",Other,proximate,US Census race group with no schema equivalent; collapsed into Other
232,ethnicity,"Some other race alone, non-Hispanic",Other,compatible,"SC_RACE_R residual race category, present 2016-2018 only"
232,ethnicity,"Two or more races, non-Hispanic",Mixed,compatible,Two or more races maps onto the schema Mixed category
232,ethnicity,Unknown,Unknown,compatible,SC_HISPANIC_R and SC_RACE_R are never missing in 2016-2023; branch retained as a guard
80,ethnicity,White/Caucasian,White,compatible,ALLETH code 1.
80,ethnicity,African American,Black,compatible,ALLETH code 2.
80,ethnicity,Asian,Asian,compatible,ALLETH code 3.
80,ethnicity,White English/Welsh/Scottish Northern Irish/British,White,compatible,ALLETH code 4.
80,ethnicity,White Irish,White,compatible,ALLETH code 5.
80,ethnicity,Gypsy or Irish Traveller,Other,proximate,ALLETH code 6. Dataschema has no traveller/Roma category
80,ethnicity,White and Black Caribbean,Mixed,compatible,ALLETH code 7.
80,ethnicity,White and Black African,Mixed,compatible,ALLETH code 8.
80,ethnicity,White and Asian,Mixed,compatible,ALLETH code 9.
80,ethnicity,Indian,Asian,compatible,ALLETH code 10.
80,ethnicity,Pakistani,Asian,compatible,ALLETH code 11.
80,ethnicity,Bangladeshi,Asian,compatible,ALLETH code 12.
80,ethnicity,Chinese,Asian,compatible,ALLETH code 13.
80,ethnicity,African or African (black),Black,compatible,ALLETH code 14.
80,ethnicity,Caribbean,Black,compatible,ALLETH code 15.
80,ethnicity,Arab,Other,proximate,ALLETH code 16. Dataschema has no Middle Eastern/North African category
80,ethnicity,European origin,White,compatible,ALLETH code 17.
80,ethnicity,Aboriginal or Torres Strait Islander,Other,proximate,"ALLETH code 18. Indigenous Australian; dataschema has no Indigenous ethnicity category, captured separately in `indigenous`"
80,ethnicity,"American Indian, Aleutian, Alaskan native or Eskimo",Other,proximate,"ALLETH code 21. Indigenous North American; dataschema has no Indigenous ethnicity category, captured separately in `indigenous`"
80,ethnicity,Pacific Islander,Other,proximate,ALLETH code 22. Dataschema has no Pacific Islander category
80,ethnicity,Black South African,Black,compatible,ALLETH code 23.
80,ethnicity,Mixed Ancestry or Coloured,Mixed,proximate,ALLETH code 24. South African Coloured is a distinct multiracial population group rather than a simple mixed-parentage category
80,ethnicity,Indigenous,Other,proximate,ALLETH code 25. Site-specific Colombian response for Indigenous peoples; captured separately in `indigenous`
80,ethnicity,Gypsy,Other,proximate,ALLETH code 26. Dataschema has no traveller/Roma category
80,ethnicity,Islander afrocaribean ethnic group,Black,proximate,ALLETH code 27. Colombian island Afro-Caribbean group treated as Black
80,ethnicity,A colombian and spanish creole,Mixed,proximate,ALLETH code 28. Colombian criollo (Spanish-Colombian) heritage
80,ethnicity,Mixed afro-colombians heritage,Mixed,compatible,ALLETH code 29.
80,ethnicity,Black,Black,compatible,ALLETH code 31.
80,ethnicity,Brazilian Indian,Other,proximate,ALLETH code 32. Indigenous Brazilian; captured separately in `indigenous`
80,ethnicity,Mixed,Mixed,compatible,ALLETH code 33.
80,ethnicity,Don't Know,Unknown,compatible,ALLETH code 37.t Know'
80,ethnicity,Other,Other,compatible,ALLETH code 38.
80,ethnicity,Indian Hindu,Asian,compatible,ALLETH code 39.
80,ethnicity,Indian Christian,Asian,compatible,ALLETH code 40.
80,ethnicity,Indian Muslim,Asian,compatible,ALLETH code 41.
80,ethnicity,Indian Jain,Asian,compatible,ALLETH code 42.
80,ethnicity,Han,Asian,compatible,ALLETH code 43.
80,ethnicity,Hui,Asian,compatible,ALLETH code 44.
80,ethnicity,First Nations,Other,proximate,ALLETH code 45. Indigenous Canadian; captured separately in `indigenous`
80,ethnicity,East Indian,Asian,compatible,ALLETH code 46.
170,ethnicity,White,White,compatible,Direct label match. MTF releases only a Black/White/Hispanic recode; every other group is set to missing in the source and reaches Unknown through the expression default
170,ethnicity,Black,Black,compatible,Direct label match. MTF releases only a Black/White/Hispanic recode; every other group is set to missing in the source and reaches Unknown through the expression default
170,ethnicity,Hispanic,Hispanic,compatible,Direct label match. MTF releases only a Black/White/Hispanic recode; every other group is set to missing in the source and reaches Unknown through the expression default
27,ethnicity,White,White,compatible,"MCS six-category census classification code 1; includes White British, White Irish and Other White"
27,ethnicity,Mixed,Mixed,compatible,Code 2
27,ethnicity,Indian,Asian,compatible,Code 3
27,ethnicity,Pakistani and Bangladeshi,Asian,compatible,Code 4; MCS collapses the two groups in the six-category classification
27,ethnicity,Black or Black British,Black,compatible,"Code 5; covers Black Caribbean, Black African and Other Black"
27,ethnicity,Other ethnic group (including Chinese),Other,compatible,"Code 6; Chinese is a separate group in the UK census but MCS folds it into the residual category at six-category level, so it cannot be recovered as Asian"
625,ethnicity,Hispanic or Latino,Hispanic,compatible,"CDC race/ethnicity code 4 (1999-2005) or raceeth code 6 (2007-2019): Hispanic, no other race selected"
625,ethnicity,Multiple - Hispanic,Hispanic,compatible,"Code 7 in both codings; Hispanic origin taken ahead of race, as for BPIPD-232"
625,ethnicity,White,White,compatible,"Code 6 (1999-2005) or raceeth 5 (2007-2019): White alone, non-Hispanic"
625,ethnicity,Black or African American,Black,compatible,"Code 3 in both codings: Black alone, non-Hispanic"
625,ethnicity,Asian,Asian,compatible,"Code 2 in both codings: Asian alone, non-Hispanic"
625,ethnicity,American Indian or Alaska Native,Other,proximate,US Census race group with no schema equivalent; collapsed into Other and reported separately in indigenous
625,ethnicity,Native Hawaiian or Other Pacific Islander,Other,proximate,US Census race group with no schema equivalent; collapsed into Other
625,ethnicity,Multiple - Non-Hispanic,Mixed,compatible,Code 8 in both codings: two or more races selected and not Hispanic
625,ethnicity,Unknown,Unknown,compatible,CDC race/ethnicity missing (no race selected or Hispanic item blank)
1928,ethnicity,Branca,White,compatible,IBGE cor ou raca: branca (white)
1928,ethnicity,Preta,Black,compatible,IBGE cor ou raca: preta (black)
1928,ethnicity,Parda,Mixed,proximate,"IBGE cor ou raca: parda (brown), the census category for mixed ancestry and the largest group; colour-based rather than ancestry-based"
1928,ethnicity,Amarela,Asian,compatible,"IBGE cor ou raca: amarela (yellow), i.e. East Asian descent"
1928,ethnicity,Indigena,Other,proximate,IBGE cor ou raca: indigena (indigenous); the schema has no indigenous ethnicity level (see the indigenous variable)
1928,ethnicity,Sem resposta,Unknown,compatible,"No answer, abandoned questionnaire or item left blank (codes 9, 99, -2, -9)"
631,ethnicity,british/english/scottish/welsh/northern irish,White,compatible,ethn_dv code 1 (White British); UK census categories derived by the study
631,ethnicity,irish,White,compatible,ethn_dv code 2 (White Irish)
631,ethnicity,gypsy or irish traveller,Other,proximate,ethn_dv code 3. Dataschema has no traveller/Roma category; as BPIPD-80
631,ethnicity,any other white background,White,compatible,ethn_dv code 4
631,ethnicity,white and black caribbean,Mixed,compatible,ethn_dv code 5
631,ethnicity,white and black african,Mixed,compatible,ethn_dv code 6
631,ethnicity,white and asian,Mixed,compatible,ethn_dv code 7
631,ethnicity,any other mixed background,Mixed,compatible,ethn_dv code 8
631,ethnicity,indian,Asian,compatible,ethn_dv code 9
631,ethnicity,pakistani,Asian,compatible,ethn_dv code 10
631,ethnicity,bangladeshi,Asian,compatible,ethn_dv code 11
631,ethnicity,chinese,Asian,compatible,"ethn_dv code 12; Chinese is a separate UK census group, collapsed into Asian"
631,ethnicity,any other asian background,Asian,compatible,ethn_dv code 13
631,ethnicity,caribbean,Black,compatible,ethn_dv code 14 (Black Caribbean)
631,ethnicity,african,Black,compatible,ethn_dv code 15 (Black African)
631,ethnicity,any other black background,Black,compatible,ethn_dv code 16
631,ethnicity,arab,Other,proximate,ethn_dv code 17. Dataschema has no Middle Eastern/North African category; as BPIPD-80
631,ethnicity,any other ethnic group,Other,compatible,ethn_dv code 97
677,ethnicity,White British,White,proximate,Carer's own group.
677,ethnicity,White Irish,White,proximate,Carer's own group.
677,ethnicity,Other White,White,proximate,Carer's own group.
677,ethnicity,White and Black Caribbean,Mixed,proximate,Carer's own group.
677,ethnicity,White and Black African,Mixed,proximate,Carer's own group.
677,ethnicity,White and Asian,Mixed,proximate,Carer's own group.
677,ethnicity,Indian,Asian,proximate,Carer's own group.
677,ethnicity,Pakistani,Asian,proximate,Carer's own group.
677,ethnicity,Bangladeshi,Asian,proximate,Carer's own group.
677,ethnicity,Any other Asian or Asian British background,Asian,proximate,Carer's own group.
677,ethnicity,Chinese,Asian,proximate,Carer's own group.
677,ethnicity,Caribbean,Black,proximate,Carer's own group.
677,ethnicity,African,Black,proximate,Carer's own group.
677,ethnicity,Any other Black or Black British background,Black,proximate,Carer's own group.
677,ethnicity,Any other ethnic group,Other,proximate,Carer's own group.
677,ethnicity,Would rather not say,Unknown,compatible,Explicit non-response
21,ethnicity,White,White,compatible,Direct label match
21,ethnicity,Mixed,Mixed,compatible,Direct label match
21,ethnicity,Asian,Asian,compatible,Direct label match
21,ethnicity,Black,Black,compatible,Direct label match
21,ethnicity,Other or unknown,Other,proximate,Study code merges Other with unknown; mapped to Other.
1639,ethnicity,European,White,compatible,NZ European and other European.
1639,ethnicity,Maori,Other,proximate,No schema category; Maori status is carried in indigenous.
1639,ethnicity,Pacific,Other,proximate,No schema category.
1639,ethnicity,Other (incl,Other,proximate,"Residual group (label truncated in the source), probably including Asian."
621,ethnicity,White/European,White,compatible,Direct label match
621,ethnicity,Black North American/African,Black,compatible,Direct label match
621,ethnicity,Asian,Asian,compatible,"Direct label match; the survey offers no finer Asian categories, but see East Indian below"
621,ethnicity,Hispanic/Latino,Hispanic,compatible,Direct label match
621,ethnicity,East Indian,Asian,compatible,South Asian; the schema has one Asian category
621,ethnicity,Aboriginal/North American Indian,Other,proximate,The schema has no Indigenous ethnicity category; Indigenous identity is carried by the indigenous variable instead
621,ethnicity,Other (please specify),Other,compatible,Free text is resolved first via the dataset lookup ethnicity_other; this row catches anything unmatched there
621,ethnicity,Prefer not to answer,Unknown,compatible,Explicit non-response
41,ethnicity,White,White,compatible,IBGE cor/raca category Branca.
41,ethnicity,Black,Black,compatible,IBGE category Preta.
41,ethnicity,Mixed (Pardo),Mixed,compatible,"IBGE category Parda, the Brazilian mixed-race category."
41,ethnicity,Asian,Asian,compatible,"IBGE category Amarela, i.e. of East Asian descent."
41,ethnicity,Indigenous,Other,proximate,"IBGE category Indigena; no dataschema category, so Other (proximate); indigenous status is on the indigenous row."
41,ethnicity,Other (specify),Other,compatible,Free-text other category; the specification was not supplied in the IPD extract.
